{"saleInputMin":[15.016287803649902,40.010894775390625,20.009899139404297],"saleInputMax":[29.992246627807617,79.94601440429688,99.99205780029297],"growthInputMin":[15.040253639221191,40.01590347290039,20.003597259521484],"growthInputMax":[29.995691299438477,79.98322296142578,99.77484893798828],"growthOutputMin":0.19375094771385193,"growthOutputMax":1795.0301513671875}